text,gpt4_target
I play a trumpet like no other,None.
"You remain an animal and it takes you a million years to reach the level of the officers of Sayyed Nasrallah and understand what he is saying, because your heart is full of hatred and your color is blacker than the black of the officers.",Black.
"By God, I don’t know what you are laughing at, your foolishness, or the loss of the electoral battle in the face of Al-Beik, or the isolation they put you in, hahaha.",None.
"The dogs of Lebanon are more despicable than the Jews. No honor, no woman, no religion. The Syrian people took you in when you were refugee dogs wandering in Arsal. You returned the favor with bullets, slaves of the Magi and the Turks.",Jewish.
Not one of the Arab donkeys oppressing power bowed down to either the big or the small,Middle Eastern.
"Cursed be he, his father, the father of his family, and the father of Israel, for the father of anyone who wants to go to Israel is blind, more shameless than the Syrian opposition, and more despicable and treacherous. I did not see it, and my eyes did not see it.",Jewish.
"Stay with the ignorance, because you have nothing to do with ignorance. Qatar, the mother of the Arabs and the mother of Lebanon, will follow you, and Qatar and the Gulf will remain your masters, you fugitive from justice.",Middle Eastern.
"A Christian dog, Suleiman Franjieh, affiliated with the Lebanese Marada movement, is combing his group in the area of ​​Majalia and La Ariniyah.",Christian.
"You need a tweet, you idiot, and God knows, I disgust you",None.
"They are attacking Gebran Bassil, we have the right to respond and say that your media are pawnbrokers and immoral",None.
"Blindness, why are you slaves?",Disabled.
But I am ashamed that there is nothing on your tongue except Syria,Middle Eastern.
"A terrorist criminal called me her prince, and he is the most evil thieves who owns illicit money, and all his actions are causing sedition, murder, and sabotage, which will soon disappear.",Middle Eastern.
May God curse all religions that destroyed humanity,Religion.
"You will die with the grief of Al-Khawaja, and he will not give you the honor of speaking to him and blackmailing him, you foolish bastard, Dhabab.",Middle Eastern.
"I hope we don't break your head, animal",None.
"This is an Iranian, Persian, Jew, descendant of monkeys and pigs","Jew, Middle Eastern."
"Spiritual boss? Your soul will go away, you and everyone who pulled you tight. You will not recognize Khalda’s house and its little prince in the first place, O beloved of his heart, for his kindness...",None.
"Unfortunately, this country has been defeated by such deputies. Indeed, we, the Lebanese, are a Bihui people",Middle Eastern.
"I am proud of you and I am the one who supports you. I used to show you your ideals and your patriotism when your teacher was my uncle. They turned to me in the right direction and what brought me was the kingdom of goodness. Despite the few Iranian statements that indicate the strength of Lebanon in the face of the Zionists, your masters, then is the resistance required not to respond to any Israeli foolishness against Lebanon? So I said, you bastard.",Middle Eastern.
"Damn you, Gebran Bassil, for defending the tormentor of the Lebanese people and the killer of their people",Middle Eastern.
"The Shiites of southern Lebanon are known to the Lebanese for their anarchism and raising their voices, and when they are defeated by argument, their solution is chaos",Muslim.
"Your honor is now cheap. You have an eye to talk, and you have a soul and bury yourself with Abu Diab, whom you killed, you donkey. Punishment is for Wahab Wahab, the killer of Abu Diab.",Middle Eastern.
You mean the mule Gebran Bassil???,Middle Eastern.
"You have run out of time, traitor. Look who was gathered with them, Ato and your allies",Immigrant.
"This is a rotten, opportunistic, cheap politician. If we had a strong state, he would now be imprisoned",None.
"She's the only one who responds because they don't have anyone else. She's used to nonsense and dirty talk. She's in this mood, she likes this.",None.
"Good evil, good hatred and abhorrence, good breaking the silence, may God break his palate, who will hear him?? Michel Aoun, Nabih Berri, Gebran Bassil",Not identifiable.
"I'm here for you, man",None.
Maybe it is better for your son to go to nursery than to learn to be a donkey like his mother,Gender.
"Oh Safawi, you agent of Iran, protector of the Jews, your infidel Baathist teacher, go and see the port of Tartous, how the gold is smuggled. Your teacher, the colt, has fallen.","Middle Eastern, Jewish."
"I am from a rural group, but I am proud of men and not of songs like your teacher, Jahsh Quraytem.",Transgender.
A harem remains a harem,Gender.
"Oh God, if there is no dog in the barn, your mission is over",None.
"Call me, you pig, the Zionists are the end of this stupid trampling",Jewish.
"Blindness in your eyes, what a shame you are, O clash, O unclean griller, O duty bearer, O Hawa",Disabled.
"Blindness blinds you, how stupid it is. It is true that you are without shame and do not have an ounce of dignity, Watti",Disabled.
"Oh dog, now you kneel, you boots",None.
Masterpieces of shooting with half a pig's face,None.
"Why do you get upset and get drunk when you bring a pair of shoes, my friend, even though everyone is not created according to their own taste, according to their culture and mind...",None.
"Don't insult your masters, heretic",Religion: Christian.
"Call, call, the Jews laughed at us, haha, what a shame on your show, what did you laugh at?",Jewish.
Talc shut up dumb,None.
"I won't scold you for thinking that your situation will benefit the sect when you divide it, if you and the beggar are still calling for elections...",Immigrant.
"What a whore you are, Wahab, damn you, you bitch",Muslim.
The word “Tashbih” is a registered trademark of the supporters of Tartur Fares in Syria and Taratira in the Mutasarrifate of Lebanon in the state of Persia.,None.
"Get lost, you bastard. We don't know you as dogs. Who's cursing you?",Immigrant.
"If you like my transparency, come and take a few slugs from me, so that Baraka Hazoumi will visit you.",None.
May God bless them with another government,None.
Gebran Bassil the traitor,Middle Eastern.
"Every Druze living and working in Qatar, come on out, we don't want it to see if you can bear your responsibilities, Weam.",Druze.
"And do not forget that he also said about the Tal al-Zaatar massacre. He accused the Najdi mamoos and his follower, Diyus al-Shaam, and threatened him.",Middle Eastern.
"What, you goat-faced Arabs of the North whose leg honors you and honors everyone like you, and you Bedouins are more infidels and hypocrites. Whoever holds your opinion will not agree.",Middle Eastern.
"It is true, O Na'al, as you are, dirt is given to you from Dahlan to Azmi",Middle Eastern.
"Cool, as I told you",None.
"For my blindness, I am not lying to you except the Al-Akhbar newspaper, Kharas, this morning",Disabled.
"Curse the soul of Hafez Ibn Sixty Thousand Dogs, who destroyed the country, killed a million, and displaced millions, and says, “Maybe, executing you once may not be enough.”",Middle Eastern.
"You know that you are high and low in life, but unfortunately, you are counted among the Syrians, you poor soul, and you are a Druze pimp, turn around in a hurry, you scoundrel.",Middle Eastern.
"Hezbollah sources for the forces, please stop saying hello, Auntie, what a joke",Middle Eastern.
I salute you for your correct view that Tamim and his family are terrorists and support terrorism with full force,Middle Eastern.
Hypocrites and liars,None.
"You bastard, you son of an adulteress, you can block your mouth, and such a summit requires such a level where we wipe the ground for all the Arab countries and not even…",Middle Eastern.
"Come on, you hybrids, you dirty beehives scattered from the heat of Matson",Race: Asian.
Bashar the serial killer curses Bey's soul in his grave,None.
"The Baath horde, we will wipe out the Iranians and the Russians from the ground, you dog. Do not continue to demolish the cauldrons or rule your country after you are willing to participate.",Middle Eastern.
And you have the shame of blindness in your heart. What a lot of talking and talking in vain. All of you and your cooking are full of blindness in your heart. Don't let your blood flow. Punishment for Wahab,Disabled.
"Gebran Bassil, why did you tell me, you animal?",None.
Cool hua,None.
"Because you've been stupid all your life, haha",None.
"Instead of talking about a mean tweet, we did not see your state, the state of donkeys, supporting Lebanon, and we did not see your presence.",Middle Eastern.
Welcome to Bashar al-Assad. Shame on you. You are a small agent and you will remain a small agent,None.
A pack of dogs destroyed it and sat on its hill,None.
"Do you mean practices like what the donkey, Foreign Minister Gebran Bassil, said? I swear to God, he will calm himself down and Lebanon will be calm",Immigrant.
Curse his soul,None.
"Every day you howl to attract attention and no one sees you. You are finished. You were burned, you idiot. Punishment for Wahab Wahab, the killer of Abu Diab.",Muslim.
Someone let Nadim Maqtoush hug his Zionist friend Avichai in Tel Aviv and relieve us of the filth of your taste.,Jewish.
"Your tricks are clear, you dirties, you infiltrators, you spenders, you disguisers, you mercenaries, you are not us. Mercenary is a characteristic of those who have neither honor nor dignity. I know who he is. Hahahahahahahaha",Immigrant.
He takes you and they take something from Syria,Middle Eastern.
High and low,None.
"There is an independent class, which are human mules, for example, the brother who wrote the tweet below",Immigrant.
Call Hawa and Lak Druze dog,Middle Eastern.
"It is true, there is no doubt, but the Druze are dogs and traitors",Religion.
"Dear Gebran Bassil, on Twitter, you don't tweet. You don't tweet on Twitter. They will scroll to his account, Taamrak.",None.
"You are seriously mentally ill. You should remain silent for a while. Punishment is given to Wahab Wahab, the killer of Abu Diab",Muslim.
"Gibran is a hypocrite, and there is no need to beautify him and keep defending him because in the end you will be stabbed.",Middle Eastern.
Eat hay,None.
There is no fallen person larger than his size,None.
"Call me again, get rid of our asses and asses, and take out our thorns with our hands, full of fire",Immigrant.
Curse the lion,None.
"And I am afraid that democracy is translated from the and it wants the Muslims to say Shura, my heart, Shura is with ISIS and Saudi Arabia. We want democracy, Kinda.",Muslim.
"I am not an Arab, I am a Phoenician. No, smart one, you are a donkey",Middle Eastern.
"Abu Jahl, the uncle of the Messenger, you fool, you intellectual, may your life be cut short. Go, delete your page, and no longer cry, you beast, because I am really joking.",Muslim.
"Walid Jumblatt on Arabic, through his dialogue, proved that he is the hound of Arab politics and the first elusive personality.",Middle Eastern.
Fuck this country and a thousand fucks with the corrupt Hariri,Immigrant.
"What is more correct than your response is that you are stupid, my soul is in the kitchen, my heart",None.
"Yes, Abu Sawawikh, my neighbor is trampling you",Middle Eastern.
"I swear to God, my friend, I have acne on my vocal cords, and I'm telling them that it's just pallid, a stubborn person that doesn't bake or knead.",None.
Because you are a donkey,None.
May God curse you and curse those who curse you,None.
You won't be able to sleep except for General Othman and his military boots. They will destroy me. Stay howling. It's almost time for the boots to trample your head.,None.
